{
    "acc_bias": [
        -0.118,
        0.112,
        -0.3957
    ],
    "acc_scale": [
        1.001,
        0.9986,
        0.9985
    ],
    "device_class": "controller",
    "device_pid": 8210,
    "device_serial_number": "LHR-FDE71D46",
    "device_vid": 10462,
    "gyro_bias": [
        -0.009186,
        -0.01262,
        0.003468
    ],
    "gyro_scale": [
        1.0,
        1.0,
        1.0
    ],
    "htcComposeTime": "2016-03-24 01:51:57.152000",
    "lighthouse_config": {
        "channelMap": [
            0,
            1,
            2,
            3,
            4,
            5,
            6,
            7,
            8,
            9,
            10,
            11,
            12,
            13,
            14,
            15,
            16,
            17,
            18,
            19,
            20,
            21,
            22,
            23
        ],
        "modelNormals": [
            [
                -0.5913480520248413,
                0.31871703267097473,
                -0.7407610416412354
            ],
            [
                -0.7573763728141785,
                0.4692562520503998,
                -0.45407021045684814
            ],
            [
                -0.777337908744812,
                0.5316529273986816,
                -0.3362899720668793
            ],
            [
                -0.4884379506111145,
                0.8437519073486328,
                0.22251096367835999
            ],
            [
                0.7505170106887817,
                0.5302649736404419,
                -0.3943899869918823
            ],
            [
                -0.7505170106887817,
                0.5302649736404419,
                -0.3943899869918823
            ],
            [
                0,
                0.9245688915252686,
                0.38101494312286377
            ],
            [
                0.4884379506111145,
                0.8437519073486328,
                0.22251096367835999
            ],
            [
                0.777337908744812,
                0.5316529273986816,
                -0.3362899720668793
            ],
            [
                0.7573763728141785,
                0.4692562520503998,
                -0.45407021045684814
            ],
            [
                0.5913480520248413,
                0.31871703267097473,
                -0.7407610416412354
            ],
            [
                -0.5849689841270447,
                -0.8044440150260925,
                0.10334999859333038
            ],
            [
                0.01920900121331215,
                -0.6634160876274109,
                -0.7480040788650513
            ],
            [
                -0.6286242008209229,
                -0.6735491752624512,
                0.3887970745563507
            ],
            [
                0.09504295885562897,
                0.4070657789707184,
                0.9084405899047852
            ],
            [
                -0.4120441973209381,
                -0.5367212295532227,
                0.7363083362579346
            ],
            [
                0.6496122479438782,
                -0.5894832611083984,
                -0.48011818528175354
            ],
            [
                0,
                -0.4897621273994446,
                0.871856153011322
            ],
            [
                -0.6496122479438782,
                -0.5894832611083984,
                -0.48011818528175354
            ],
            [
                0.4120441973209381,
                -0.5367212295532227,
                0.7363083362579346
            ],
            [
                -0.09504295885562897,
                0.4070657789707184,
                0.9084405899047852
            ],
            [
                0.6286242008209229,
                -0.6735491752624512,
                0.3887970745563507
            ],
            [
                -0.01920900121331215,
                -0.6634160876274109,
                -0.7480040788650513
            ],
            [
                0.5849689841270447,
                -0.8044440150260925,
                0.10334999859333038
            ]
        ],
        "modelPoints": [
            [
                -0.034029942005872726,
                0.07105756551027298,
                -0.022038573399186134
            ],
            [
                -0.03642043471336365,
                0.08962101489305496,
                -0.007953371852636337
            ],
            [
                -0.05291099473834038,
                0.07580757886171341,
                0.007932848297059536
            ],
            [
                -0.02717520110309124,
                0.10293500125408173,
                0.03235466778278351
            ],
            [
                -0.029399439692497253,
                0.09466992318630219,
                0.000654697185382247
            ],
            [
                0.029427342116832733,
                0.09469257295131683,
                0.0007131178863346577
            ],
            [
                0.00010233627835987136,
                0.11091355979442596,
                0.031771402806043625
            ],
            [
                0.027260400354862213,
                0.1027737557888031,
                0.03246914967894554
            ],
            [
                0.05283483862876892,
                0.0757874995470047,
                0.007984639145433903
            ],
            [
                0.036418765783309937,
                0.0896490216255188,
                -0.008070895448327065
            ],
            [
                0.03405821695923805,
                0.07112102210521698,
                -0.02195337601006031
            ],
            [
                -0.03128903731703758,
                0.06525227427482605,
                -0.016743253916502
            ],
            [
                -0.045467231422662735,
                0.06470023840665817,
                -0.003051400650292635
            ],
            [
                -0.051681045442819595,
                0.06741620600223541,
                0.015351633541285992
            ],
            [
                -0.04561224952340126,
                0.07706654071807861,
                0.019730621948838234
            ],
            [
                -0.030407138168811798,
                0.09302713721990585,
                0.030613481998443604
            ],
            [
                -0.015314294025301933,
                0.08414139598608017,
                0.022296514362096786
            ],
            [
                -5.344217424863018e-05,
                0.055721037089824677,
                -0.013817258179187775
            ],
            [
                0.015215771272778511,
                0.08424215018749237,
                0.022243550047278404
            ],
            [
                0.030991464853286743,
                0.092994324862957,
                0.030355703085660934
            ],
            [
                0.045634277164936066,
                0.07727976143360138,
                0.019559720531105995
            ],
            [
                0.051739830523729324,
                0.06757358461618423,
                0.01543811708688736
            ],
            [
                0.04533980414271355,
                0.06462252140045166,
                -0.0029228993225842714
            ],
            [
                0.030894910916686058,
                0.06494631618261337,
                -0.016858696937561035
            ]
        ]
    },
    "manufacturer": "HTC",
    "mb_serial_number": "42FM163H12121",
    "model_number": "Vive Controller MV",
    "render_model": "vr_controller_vive_1_5",
    "revision": 1,