{
    "acc_bias": [
        -0.1191,
        0.06991,
        -0.3787
    ],
    "acc_scale": [
        1.001,
        1,
        0.9982
    ],
    "device_class": "controller",
    "device_pid": 8210,
    "device_serial_number": "LHR-F7EFD942",
    "device_vid": 10462,
    "gyro_bias": [
        0.009693,
        -0.006011,
        0.00447
    ],
    "gyro_scale": [
        1.0,
        1.0,
        1.0
    ],
    "htcComposeTime": "2016-03-24 01:52:07.386000",
    "lighthouse_config": {
        "channelMap": [
            0,
            1,
            2,
            3,
            4,
            5,
            6,
            7,
            8,
            9,
            10,
            11,
            12,
            13,
            14,
            15,
            16,
            17,
            18,
            19,
            20,
            21,
            22,
            23
        ],
        "modelNormals": [
            [
                -0.5913480520248413,
                0.31871703267097473,
                -0.7407610416412354
            ],
            [
                -0.7573763728141785,
                0.4692562520503998,
                -0.45407021045684814
            ],
            [
                -0.777337908744812,
                0.5316529273986816,
                -0.3362899720668793
            ],
            [
                -0.4884379506111145,
                0.8437519073486328,
                0.22251096367835999
            ],
            [
                0.7505170106887817,
                0.5302649736404419,
                -0.3943899869918823
            ],
            [
                -0.7505170106887817,
                0.5302649736404419,
                -0.3943899869918823
            ],
            [
                0,
                0.9245688915252686,
                0.38101494312286377
            ],
            [
                0.4884379506111145,
                0.8437519073486328,
                0.22251096367835999
            ],
            [
                0.777337908744812,
                0.5316529273986816,
                -0.3362899720668793
            ],
            [
                0.7573763728141785,
                0.4692562520503998,
                -0.45407021045684814
            ],
            [
                0.5913480520248413,
                0.31871703267097473,
                -0.7407610416412354
            ],
            [
                -0.5849689841270447,
                -0.8044440150260925,
                0.10334999859333038
            ],
            [
                0.01920900121331215,
                -0.6634160876274109,
                -0.7480040788650513
            ],
            [
                -0.6286242008209229,
                -0.6735491752624512,
                0.3887970745563507
            ],
            [
                0.09504295885562897,
                0.4070657789707184,
                0.9084405899047852
            ],
            [
                -0.4120441973209381,
                -0.5367212295532227,
                0.7363083362579346
            ],
            [
                0.6496122479438782,
                -0.5894832611083984,
                -0.48011818528175354
            ],
            [
                0,
                -0.4897621273994446,
                0.871856153011322
            ],
            [
                -0.6496122479438782,
                -0.5894832611083984,
                -0.48011818528175354
            ],
            [
                0.4120441973209381,
                -0.5367212295532227,
                0.7363083362579346
            ],
            [
                -0.09504295885562897,
                0.4070657789707184,
                0.9084405899047852
            ],
            [
                0.6286242008209229,
                -0.6735491752624512,
                0.3887970745563507
            ],
            [
                -0.01920900121331215,
                -0.6634160876274109,
                -0.7480040788650513
            ],
            [
                0.5849689841270447,
                -0.8044440150260925,
                0.10334999859333038
            ]
        ],
        "modelPoints": [
            [
                -0.03391426056623459,
                0.07129714637994766,
                -0.02195846661925316
            ],
            [
                -0.036255232989788055,
                0.08957339078187943,
                -0.00803450308740139
            ],
            [
                -0.052845992147922516,
                0.07579818367958069,
                0.007939760573208332
            ],
            [
                -0.027364278212189674,
                0.10285062342882156,
                0.03249816223978996
            ],
            [
                -0.029262688010931015,
                0.09458130598068237,
                0.0006697739590890706
            ],
            [
                0.029320409521460533,
                0.09462068229913712,
                0.0005327309481799603
            ],
            [
                8.73710450832732e-05,
                0.11110355705022812,
                0.031818538904190063
            ],
            [
                0.027237601578235626,
                0.10275810211896896,
                0.032470688223838806
            ],
            [
                0.05271788686513901,
                0.07583262026309967,
                0.007848165929317474
            ],
            [
                0.03633096441626549,
                0.08966455608606339,
                -0.008146241307258606
            ],
            [
                0.03387801721692085,
                0.0713939368724823,
                -0.021972868591547012
            ],
            [
                -0.03127698600292206,
                0.06512678414583206,
                -0.016439981758594513
            ],
            [
                -0.04529914632439613,
                0.064669169485569,
                -0.0031324797309935093
            ],
            [
                -0.051870912313461304,
                0.06737726926803589,
                0.015209637582302094
            ],
            [
                -0.04578661918640137,
                0.07731729745864868,
                0.01954622194170952
            ],
            [
                -0.030593570321798325,
                0.09326975047588348,
                0.030716512352228165
            ],
            [
                -0.015329300425946712,
                0.08395851403474808,
                0.022526385262608528
            ],
            [
                -1.658169821894262e-05,
                0.05558685213327408,
                -0.013791423290967941
            ],
            [
                0.015274720266461372,
                0.08419071137905121,
                0.022256439551711082
            ],
            [
                0.030874622985720634,
                0.09304960072040558,
                0.030409837141633034
            ],
            [
                0.045700691640377045,
                0.07717078179121017,
                0.019489223137497902
            ],
            [
                0.05187467858195305,
                0.06749360263347626,
                0.015366318635642529
            ],
            [
                0.04555328190326691,
                0.06456902623176575,
                -0.0030717607587575912
            ],
            [
                0.031122824177145958,
                0.06476201862096786,
                -0.016701923683285713
            ]
        ]
    },
    "manufacturer": "HTC",
    "mb_serial_number": "42FM163H12248",
    "model_number": "Vive Controller MV",
    "render_model": "vr_controller_vive_1_5",
    "revision": 1,